{
  "timestamp": "2025-10-09T18:40:37.293758+00:00",
  "params": {
    "min_authorities": 1,
    "max_authorities": 120,
    "step": 1,
    "throughput_peak_at": 50,
    "latency_best_at": 50,
    "noise_scale": 0.02
  },
  "authorities": [
    1,
    2,
    3,
    4,
    5,
    6,
    7,
    8,
    9,
    10,
    11,
    12,
    13,
    14,
    15,
    16,
    17,
    18,
    19,
    20,
    21,
    22,
    23,
    24,
    25,
    26,
    27,
    28,
    29,
    30,
    31,
    32,
    33,
    34,
    35,
    36,
    37,
    38,
    39,
    40,
    41,
    42,
    43,
    44,
    45,
    46,
    47,
    48,
    49,
    50,
    51,
    52,
    53,
    54,
    55,
    56,
    57,
    58,
    59,
    60,
    61,
    62,
    63,
    64,
    65,
    66,
    67,
    68,
    69,
    70,
    71,
    72,
    73,
    74,
    75,
    76,
    77,
    78,
    79,
    80,
    81,
    82,
    83,
    84,
    85,
    86,
    87,
    88,
    89,
    90,
    91,
    92,
    93,
    94,
    95,
    96,
    97,
    98,
    99,
    100,
    101,
    102,
    103,
    104,
    105,
    106,
    107,
    108,
    109,
    110,
    111,
    112,
    113,
    114,
    115,
    116,
    117,
    118,
    119,
    120
  ],
  "throughput": [
    0.10619445176626677,
    0.17670855541398978,
    0.2084624524848943,
    0.21770472493844742,
    0.3240720820080637,
    0.27756438973251424,
    0.35586355446405293,
    0.28749136925748997,
    0.35762652032249853,
    0.36875815242327153,
    0.42773333420202037,
    0.4096597954828073,
    0.4021952039017965,
    0.4507027874233865,
    0.44289361813257705,
    0.48775946842524814,
    0.45985569815786975,
    0.47887674948240266,
    0.4873067904108732,
    0.48054910524111927,
    0.5338112103127981,
    0.5444339444083263,
    0.5628652340027317,
    0.5537318906548973,
    0.5964500880627499,
    0.6144453521752535,
    0.6083955183130131,
    0.6102848661977955,
    0.6415343906047986,
    0.6333593847670346,
    0.6531834880719806,
    0.7167894397580438,
    0.6877692920329492,
    0.7053869373004142,
    0.7716585940180358,
    0.7850259449798113,
    0.765196945305656,
    0.841107962403286,
    0.8439996111742873,
    0.8869327297360496,
    0.8763652376257477,
    0.9070563334782428,
    0.8850542008290365,
    0.922853580813959,
    0.9687893219564633,
    0.9406414618819143,
    0.9872039253847408,
    0.989481680157346,
    0.9699053563671601,
    1.0313657557053215,
    1.0098358566435903,
    1.013780175364656,
    1.0168175569607498,
    0.9582524425572684,
    0.9978861989712328,
    1.0070874856928798,
    0.9829167442352184,
    0.9943006485720192,
    0.9687805499066556,
    0.963746868100237,
    0.9536915240069772,
    0.9369633644122327,
    0.9084549353619848,
    0.9305129874158959,
    0.8962630740831694,
    0.8793208193101832,
    0.8653280695137218,
    0.8397932377575011,
    0.8086097764314429,
    0.7911870984801601,
    0.8067372372937822,
    0.7789814501848842,
    0.7962684573927465,
    0.786017720893347,
    0.7869243651508381,
    0.7544344307143673,
    0.746610503425338,
    0.7488309533259339,
    0.6796314421001896,
    0.6933707637998157,
    0.7281942241099116,
    0.7219001500756861,
    0.6583817262359285,
    0.7086700868262404,
    0.69638938351928,
    0.6949284098102539,
    0.7069481762130674,
    0.6975244728228399,
    0.7129547049763654,
    0.685875309507682,
    0.6820130417859361,
    0.6930416956053856,
    0.6995590073629686,
    0.6791566270653979,
    0.6771181750119946,
    0.696088748375863,
    0.7036818774218974,
    0.7071228992910528,
    0.6953246536372457,
    0.7052001396263949,
    0.7314032333547235,
    0.7017911253325348,
    0.7159105306711042,
    0.7023372744415837,
    0.7035109456102869,
    0.702215091586407,
    0.7135422190900405,
    0.711446297670241,
    0.715881546921856,
    0.7166126391019727,
    0.7087320607531058,
    0.7074712053449627,
    0.6999236709674371,
    0.7024642155564547,
    0.7441684063463209,
    0.7387159783806492,
    0.6929160551556255,
    0.7413040850940426,
    0.7307023567570553,
    0.7199780970097925
  ],
  "latency": [
    0.6463244154114297,
    0.6091367756948378,
    0.5203561040611465,
    0.5438970353467093,
    0.5156876147337959,
    0.5192142688214924,
    0.50359735932165,
    0.5005426349884394,
    0.461234424856582,
    0.4327660478795534,
    0.38980070511924025,
    0.3812140660644863,
    0.34363565223584763,
    0.3475027714779193,
    0.32710142450203616,
    0.3259873154598831,
    0.3018622415206332,
    0.29200185147392027,
    0.29438283131337867,
    0.24710013675959952,
    0.20523497452288575,
    0.16707303681691882,
    0.18666219840942597,
    0.17452214749487377,
    0.15330819264524623,
    0.12757845808409665,
    0.1532582799530765,
    0.14490593394613743,
    0.12019815059645471,
    0.10252766231090703,
    0.08905238910183236,
    0.05769175288146346,
    0.08934539772874506,
    0.07843704498312376,
    0.05815168314681304,
    0.06048770776266416,
    0.03582329252244218,
    0.012694028796530601,
    0.046665583960028505,
    0.011876804327923462,
    0.006407359118528593,
    0.01681510588643981,
    0.028697888816567624,
    0.03265408114206087,
    0.04712665762893766,
    0.0,
    0.0,
    0.017155121603554077,
    0.0,
    0.03187572257139126,
    0.029511154630057202,
    0.00433194562190428,
    0.0,
    0.006896800809165908,
    0.0,
    0.017866449727002444,
    0.02004705621207685,
    0.002843501077708945,
    0.028132203287926674,
    0.024937451016616125,
    0.053136469439038034,
    0.016105502231157795,
    0.032657216356889125,
    0.06772659356997203,
    0.037771412485995984,
    0.03954748524169609,
    0.06260091440956626,
    0.079570632765801,
    0.055398655714425926,
    0.06909900664239936,
    0.09943883081574229,
    0.11887932144852575,
    0.13945554091573606,
    0.09421552527292108,
    0.15565626166182076,
    0.11562681471536489,
    0.12889211990505334,
    0.18573748710674617,
    0.18168432006767685,
    0.1968779330755069,
    0.19859251116787235,
    0.2248647531429843,
    0.21286323982287886,
    0.22136412162400596,
    0.2294199596331189,
    0.2610601067943013,
    0.2705169488608742,
    0.30557005198595877,
    0.3227619572026213,
    0.32552100252055655,
    0.326038529172483,
    0.3627042634267319,
    0.36397069955461053,
    0.3971467187631221,
    0.38421107656259257,
    0.4627441686415881,
    0.4640642041547388,
    0.4876404328303672,
    0.5267882549282645,
    0.48875869186237664,
    0.5550317230625816,
    0.5209167067322974,
    0.5956240586169056,
    0.5806132477687266,
    0.6012450534359544,
    0.6303410926902465,
    0.640945670038733,
    0.7171396533392204,
    0.7493027155591169,
    0.7088524300915544,
    0.750159161216635,
    0.7862199329552688,
    0.8355427296706014,
    0.8482564621223065,
    0.8609225592161646,
    0.8721028270337692,
    0.9205733786807834,
    0.9491862761507064,
    0.9883791843269183,
    1.0
  ],
  "figures": {
    "throughput": "/workspace/results/synthetic/throughput_vs_authorities.png",
    "latency": "/workspace/results/synthetic/latency_vs_authorities.png"
  }
}