{
  "run_label": "benchmark",
  "duration_s": 21.901890993118286,
  "transactions_started": 73.0,
  "transactions_succeeded": 355.0,
  "transactions_failed": 0.0,
  "success_rate_pct": 486.30136986301375,
  "throughput_tps": 16.208646098710986,
  "network_tx_bps": 4799.585571539434,
  "network_rx_bps": 28527.217133731338,
  "min_latency_ms": 0.0,
  "avg_latency_ms": 0.0,
  "p50_latency_ms": 0.0,
  "p95_latency_ms": 0.0,
  "p99_latency_ms": 0.0,
  "max_latency_ms": 0.0,
  "latency_samples": 0.0,
  "bytes_sent": 13140.0,
  "bytes_received": 78100.0
}